date,provider,bin,visibility
2026-01-06,Panda,Black,public
2026-01-13,Panda,Green,public
2026-01-20,Panda,Brown,public
2026-01-27,Panda,Green,public
2026-02-03,Panda,Brown,public
2026-02-10,Panda,Black,public
2026-02-17,Panda,Brown,public
2026-02-24,Panda,Green,public
2026-03-03,Panda,Brown,public
2026-03-10,Panda,Black,public
2026-03-17,Panda,Brown,public
2026-03-24,Panda,Green,public
2026-03-31,Panda,Brown,public
2026-04-07,Panda,Green,public
2026-04-14,Panda,Brown,public
2026-04-21,Panda,Green,public
2026-04-28,Panda,Brown,public
2026-05-05,Panda,Green,public
2026-05-12,Panda,Brown,public
2026-05-19,Panda,Green,public
2026-05-26,Panda,Brown,public
2026-06-02,Panda,Green,public
2026-06-09,Panda,Brown,public
2026-06-16,Panda,Green,public
2026-06-23,Panda,Brown,public
2026-06-30,Panda,Black,public
2026-07-07,Panda,Black,public
2026-07-14,Panda,Brown,public
2026-07-21,Panda,Black,public
2026-07-28,Panda,Brown,public
2026-08-04,Panda,Brown,public
2026-08-11,Panda,Green,public
2026-08-18,Panda,Brown,public
2026-08-25,Panda,Green,public
2026-09-01,Panda,Brown,public
2026-09-08,Panda,Green,public
2026-09-15,Panda,Brown,public
2026-09-22,Panda,Green,public
2026-09-29,Panda,Brown,public
2026-10-06,Panda,Green,public
2026-10-13,Panda,Brown,public
2026-10-20,Panda,Green,public
2026-10-27,Panda,Brown,public
2026-11-03,Panda,Green,public
2026-11-10,Panda,Brown,public
2026-11-17,Panda,Green,public
2026-11-24,Panda,Brown,public
2026-12-01,Panda,Green,public
2026-12-08,Panda,Brown,public
2026-12-15,Panda,Green,public
2026-12-22,Panda,Brown,public
2026-12-29,Panda,Green,public
